None,14, 8/17,-
[分享] 今日郭阜林 ,25, 8/17,dahanjian
"[分享] 今日 曾子祐 2B×1, E×2",8, 8/17,carlchang092
[分享] 今日李振昌0.0,21, 8/17,HANDSOMEJJ
[分享] 今日王博玄,65, 8/17,ayachyan
[討論] 林子偉的問題在哪,19, 8/17,indoman
[分享] 養樂多奧川恭伸回到二軍復健組,9, 8/17,AisinGioro
[討論] 王建民所謂的牛棚問題不大是哪裡不大？,41, 8/17,Augustus5
[分享] 今日許基宏鐵支 宋晟睿雙安,10, 8/17,octopus4406
[新聞] 中職／馬傑森太香！美技再見雙殺 守護魔,28, 8/17,sweat992001
[新聞] 中職小房間改制　樂天教頭在乎：當事者不要進去,3, 8/17,WuSam
[分享] 馬傑森再見美技影片,29, 8/17,Y225
[分享] 今日邦龍戰 三下李宗賢跑壘,31, 8/17,WaywayPao
[分享] 今日吳念庭,19, 8/17,creambread
Re: [新聞]統一不投標台南亞太球場！蔡淑惠：職棒不,5, 8/17,JoeGibsonJr
[分享] 巨人橫濱大場面影片,25, 8/17,LSLLtu
[新聞] 郭天信、張政禹被禁賽後 味全龍雙中線打,81, 8/17,ruka660101
[問題] 簽名球詢問,5, 8/17,Matt2g
[情報] 今日天母邦龍戰 保留至10/6進行補賽,4, 8/17,lgng66133
[分享] 日本職棒21世紀後的歷年觀客動員數,5, 8/17,AisinGioro
